script_name,category,ticker,backtest_file,pine_file,roi_pct,max_drawdown_pct,sharpe_ratio,sortino_ratio,expectancy_pct,num_trades,win_rate_pct,profit_factor,error
arbitrage-detector-luxalgo,editors_picks,SPY,/Users/eddiebelaval/Development/openclaw-tradingview/backtests/editors_picks/arbitrage-detector-luxalgo.py,/Users/eddiebelaval/Development/openclaw-tradingview/pinescript/editors_picks/arbitrage-detector-luxalgo.pine,-65.74724440880627,-66.21288982181707,-4.43364246970993,-3.2662180678319643,-0.29599276106473227,353,33.711048158640224,0.46966266937858353,
arbitrage-detector-luxalgo,editors_picks,BTC,/Users/eddiebelaval/Development/openclaw-tradingview/backtests/editors_picks/arbitrage-detector-luxalgo.py,/Users/eddiebelaval/Development/openclaw-tradingview/pinescript/editors_picks/arbitrage-detector-luxalgo.pine,-44.17833529687504,-44.17833529687504,-1.5996683271478498,-1.5320586566920205,-0.7128967456929495,110,44.54545454545455,0.5914568898139826,
arbitrage-detector-luxalgo,editors_picks,QQQ,/Users/eddiebelaval/Development/openclaw-tradingview/backtests/editors_picks/arbitrage-detector-luxalgo.py,/Users/eddiebelaval/Development/openclaw-tradingview/pinescript/editors_picks/arbitrage-detector-luxalgo.pine,-66.8918001539796,-67.85790923526413,-3.584620998638991,-2.6952313660525955,-0.30586508112193567,347,35.73487031700288,0.5654975123307222,
arbitrage-matrix-luxalgo,editors_picks,SPY,/Users/eddiebelaval/Development/openclaw-tradingview/backtests/editors_picks/arbitrage-matrix-luxalgo.py,/Users/eddiebelaval/Development/openclaw-tradingview/pinescript/editors_picks/arbitrage-matrix-luxalgo.pine,7.6360028966927205,-19.21717446974618,0.33687850475275277,0.4385353453842817,1.0550616080035515,10,50.0,1.4783619217529893,
arbitrage-matrix-luxalgo,editors_picks,BTC,/Users/eddiebelaval/Development/openclaw-tradingview/backtests/editors_picks/arbitrage-matrix-luxalgo.py,/Users/eddiebelaval/Development/openclaw-tradingview/pinescript/editors_picks/arbitrage-matrix-luxalgo.pine,3.125435730468715,-27.67667851436142,0.07355199444782307,0.1149823407687601,0.9705373564247382,17,29.411764705882355,1.3031606159013427,
arbitrage-matrix-luxalgo,editors_picks,QQQ,/Users/eddiebelaval/Development/openclaw-tradingview/backtests/editors_picks/arbitrage-matrix-luxalgo.py,/Users/eddiebelaval/Development/openclaw-tradingview/pinescript/editors_picks/arbitrage-matrix-luxalgo.pine,17.01057348317541,-10.154228026797474,0.6116410767909616,0.9050390900663959,1.5265564008822343,12,50.0,2.052104918898206,
asset-drift-model,editors_picks,SPY,/Users/eddiebelaval/Development/openclaw-tradingview/backtests/editors_picks/asset-drift-model.py,/Users/eddiebelaval/Development/openclaw-tradingview/pinescript/editors_picks/asset-drift-model.pine,0.0,-0.0,nan,nan,nan,0,nan,nan,
asset-drift-model,editors_picks,BTC,/Users/eddiebelaval/Development/openclaw-tradingview/backtests/editors_picks/asset-drift-model.py,/Users/eddiebelaval/Development/openclaw-tradingview/pinescript/editors_picks/asset-drift-model.pine,0.0,-0.0,nan,nan,nan,0,nan,nan,
asset-drift-model,editors_picks,QQQ,/Users/eddiebelaval/Development/openclaw-tradingview/backtests/editors_picks/asset-drift-model.py,/Users/eddiebelaval/Development/openclaw-tradingview/pinescript/editors_picks/asset-drift-model.pine,0.0,-0.0,nan,nan,nan,0,nan,nan,
breakouts-pullbacks-trendoscope,editors_picks,SPY,/Users/eddiebelaval/Development/openclaw-tradingview/backtests/editors_picks/breakouts-pullbacks-trendoscope.py,/Users/eddiebelaval/Development/openclaw-tradingview/pinescript/editors_picks/breakouts-pullbacks-trendoscope.pine,-46.95465392326548,-51.720839346212486,-2.5572390500445175,-2.4841373117694525,-0.2880748770041156,211,30.33175355450237,0.44925958155105605,
breakouts-pullbacks-trendoscope,editors_picks,BTC,/Users/eddiebelaval/Development/openclaw-tradingview/backtests/editors_picks/breakouts-pullbacks-trendoscope.py,/Users/eddiebelaval/Development/openclaw-tradingview/pinescript/editors_picks/breakouts-pullbacks-trendoscope.pine,-8.798066148437501,-12.943242720736858,-0.6047070812493028,-0.6528533062739884,-1.0113570551161721,10,50.0,0.5264471670598259,
breakouts-pullbacks-trendoscope,editors_picks,QQQ,/Users/eddiebelaval/Development/openclaw-tradingview/backtests/editors_picks/breakouts-pullbacks-trendoscope.py,/Users/eddiebelaval/Development/openclaw-tradingview/pinescript/editors_picks/breakouts-pullbacks-trendoscope.pine,-48.575182452595165,-53.95098885246843,-2.2251908677908587,-2.1852128242585662,-0.3232022406233549,210,32.38095238095238,0.4985276666590162,
holographic-market-microstructure-alphanatt,editors_picks,SPY,/Users/eddiebelaval/Development/openclaw-tradingview/backtests/editors_picks/holographic-market-microstructure-alphanatt.py,/Users/eddiebelaval/Development/openclaw-tradingview/pinescript/editors_picks/holographic-market-microstructure-alphanatt.pine,,,,,,,,,module 'pandas_ta' has no attribute 'highest'
holographic-market-microstructure-alphanatt,editors_picks,BTC,/Users/eddiebelaval/Development/openclaw-tradingview/backtests/editors_picks/holographic-market-microstructure-alphanatt.py,/Users/eddiebelaval/Development/openclaw-tradingview/pinescript/editors_picks/holographic-market-microstructure-alphanatt.pine,,,,,,,,,module 'pandas_ta' has no attribute 'highest'
holographic-market-microstructure-alphanatt,editors_picks,QQQ,/Users/eddiebelaval/Development/openclaw-tradingview/backtests/editors_picks/holographic-market-microstructure-alphanatt.py,/Users/eddiebelaval/Development/openclaw-tradingview/pinescript/editors_picks/holographic-market-microstructure-alphanatt.pine,,,,,,,,,module 'pandas_ta' has no attribute 'highest'
hyperfork-matrix,editors_picks,SPY,/Users/eddiebelaval/Development/openclaw-tradingview/backtests/editors_picks/hyperfork-matrix.py,/Users/eddiebelaval/Development/openclaw-tradingview/pinescript/editors_picks/hyperfork-matrix.pine,-56.81741767260392,-57.00841344116818,-3.1100728609568917,-2.6300610461436325,-0.37731563290685727,210,37.142857142857146,0.4882001414572735,
hyperfork-matrix,editors_picks,BTC,/Users/eddiebelaval/Development/openclaw-tradingview/backtests/editors_picks/hyperfork-matrix.py,/Users/eddiebelaval/Development/openclaw-tradingview/pinescript/editors_picks/hyperfork-matrix.pine,-33.18392496875001,-35.27272532286674,-0.883150175532454,-0.9702444157804363,-0.5195810288286296,122,55.73770491803278,0.6917322159730305,
hyperfork-matrix,editors_picks,QQQ,/Users/eddiebelaval/Development/openclaw-tradingview/backtests/editors_picks/hyperfork-matrix.py,/Users/eddiebelaval/Development/openclaw-tradingview/pinescript/editors_picks/hyperfork-matrix.pine,-58.97414599634985,-59.785373711176646,-2.6130165746074487,-2.218004752242984,-0.3924577668818325,210,39.04761904761905,0.5739375291598731,
match-finder-theultimator5,editors_picks,SPY,/Users/eddiebelaval/Development/openclaw-tradingview/backtests/editors_picks/match-finder-theultimator5.py,/Users/eddiebelaval/Development/openclaw-tradingview/pinescript/editors_picks/match-finder-theultimator5.pine,-52.320944258373345,-53.813221850153155,-3.1978872105099945,-2.9270679538514,-0.32527788533163293,227,26.431718061674008,0.2971962454817566,
match-finder-theultimator5,editors_picks,BTC,/Users/eddiebelaval/Development/openclaw-tradingview/backtests/editors_picks/match-finder-theultimator5.py,/Users/eddiebelaval/Development/openclaw-tradingview/pinescript/editors_picks/match-finder-theultimator5.pine,-25.59165574218742,-43.765327115113095,-0.6162134380429866,-0.7087550570818375,-0.35556401315318487,65,38.46153846153847,0.7339859168581416,
match-finder-theultimator5,editors_picks,QQQ,/Users/eddiebelaval/Development/openclaw-tradingview/backtests/editors_picks/match-finder-theultimator5.py,/Users/eddiebelaval/Development/openclaw-tradingview/pinescript/editors_picks/match-finder-theultimator5.pine,-53.17824714795635,-57.237433586911145,-2.586805552707957,-2.4166311663186457,-0.3795221149350493,202,30.693069306930692,0.35107853891258295,
multi-distribution-volume-profile-zeiierman,editors_picks,SPY,/Users/eddiebelaval/Development/openclaw-tradingview/backtests/editors_picks/multi-distribution-volume-profile-zeiierman.py,/Users/eddiebelaval/Development/openclaw-tradingview/pinescript/editors_picks/multi-distribution-volume-profile-zeiierman.pine,,,,,,,,,object of type 'TvStrategy' has no len()
multi-distribution-volume-profile-zeiierman,editors_picks,BTC,/Users/eddiebelaval/Development/openclaw-tradingview/backtests/editors_picks/multi-distribution-volume-profile-zeiierman.py,/Users/eddiebelaval/Development/openclaw-tradingview/pinescript/editors_picks/multi-distribution-volume-profile-zeiierman.pine,,,,,,,,,object of type 'TvStrategy' has no len()
multi-distribution-volume-profile-zeiierman,editors_picks,QQQ,/Users/eddiebelaval/Development/openclaw-tradingview/backtests/editors_picks/multi-distribution-volume-profile-zeiierman.py,/Users/eddiebelaval/Development/openclaw-tradingview/pinescript/editors_picks/multi-distribution-volume-profile-zeiierman.pine,,,,,,,,,object of type 'TvStrategy' has no len()
multi-ticker-anchored-candles,editors_picks,SPY,/Users/eddiebelaval/Development/openclaw-tradingview/backtests/editors_picks/multi-ticker-anchored-candles.py,/Users/eddiebelaval/Development/openclaw-tradingview/pinescript/editors_picks/multi-ticker-anchored-candles.pine,,,,,,,,,object of type 'TvStrategy' has no len()
multi-ticker-anchored-candles,editors_picks,BTC,/Users/eddiebelaval/Development/openclaw-tradingview/backtests/editors_picks/multi-ticker-anchored-candles.py,/Users/eddiebelaval/Development/openclaw-tradingview/pinescript/editors_picks/multi-ticker-anchored-candles.pine,,,,,,,,,object of type 'TvStrategy' has no len()
multi-ticker-anchored-candles,editors_picks,QQQ,/Users/eddiebelaval/Development/openclaw-tradingview/backtests/editors_picks/multi-ticker-anchored-candles.py,/Users/eddiebelaval/Development/openclaw-tradingview/pinescript/editors_picks/multi-ticker-anchored-candles.pine,,,,,,,,,object of type 'TvStrategy' has no len()
per-bak-self-organized-criticality,editors_picks,SPY,/Users/eddiebelaval/Development/openclaw-tradingview/backtests/editors_picks/per-bak-self-organized-criticality.py,/Users/eddiebelaval/Development/openclaw-tradingview/pinescript/editors_picks/per-bak-self-organized-criticality.pine,,,,,,,,,"Indicator ""λ(atr(14))"" error. See traceback above."
per-bak-self-organized-criticality,editors_picks,BTC,/Users/eddiebelaval/Development/openclaw-tradingview/backtests/editors_picks/per-bak-self-organized-criticality.py,/Users/eddiebelaval/Development/openclaw-tradingview/pinescript/editors_picks/per-bak-self-organized-criticality.pine,,,,,,,,,"Indicator ""λ(atr(14))"" error. See traceback above."
per-bak-self-organized-criticality,editors_picks,QQQ,/Users/eddiebelaval/Development/openclaw-tradingview/backtests/editors_picks/per-bak-self-organized-criticality.py,/Users/eddiebelaval/Development/openclaw-tradingview/pinescript/editors_picks/per-bak-self-organized-criticality.pine,,,,,,,,,"Indicator ""λ(atr(14))"" error. See traceback above."
range-oscillator-zeiierman,editors_picks,SPY,/Users/eddiebelaval/Development/openclaw-tradingview/backtests/editors_picks/range-oscillator-zeiierman.py,/Users/eddiebelaval/Development/openclaw-tradingview/pinescript/editors_picks/range-oscillator-zeiierman.pine,,,,,,,,,"Indicator ""_calc_osc…(_calc_wei…,atr(200))"" error. See traceback above."
range-oscillator-zeiierman,editors_picks,BTC,/Users/eddiebelaval/Development/openclaw-tradingview/backtests/editors_picks/range-oscillator-zeiierman.py,/Users/eddiebelaval/Development/openclaw-tradingview/pinescript/editors_picks/range-oscillator-zeiierman.pine,,,,,,,,,"Indicator ""_calc_osc…(_calc_wei…,atr(200))"" error. See traceback above."
range-oscillator-zeiierman,editors_picks,QQQ,/Users/eddiebelaval/Development/openclaw-tradingview/backtests/editors_picks/range-oscillator-zeiierman.py,/Users/eddiebelaval/Development/openclaw-tradingview/pinescript/editors_picks/range-oscillator-zeiierman.pine,,,,,,,,,"Indicator ""_calc_osc…(_calc_wei…,atr(200))"" error. See traceback above."
smart-trader-episode-03-candles-and-tradelines,editors_picks,SPY,/Users/eddiebelaval/Development/openclaw-tradingview/backtests/editors_picks/smart-trader-episode-03-candles-and-tradelines.py,/Users/eddiebelaval/Development/openclaw-tradingview/pinescript/editors_picks/smart-trader-episode-03-candles-and-tradelines.pine,28.029037277333117,-7.504213359314427,1.2889378800792277,2.101005298416008,3.4047816228925782,8,50.0,5.226164153293726,
smart-trader-episode-03-candles-and-tradelines,editors_picks,BTC,/Users/eddiebelaval/Development/openclaw-tradingview/backtests/editors_picks/smart-trader-episode-03-candles-and-tradelines.py,/Users/eddiebelaval/Development/openclaw-tradingview/pinescript/editors_picks/smart-trader-episode-03-candles-and-tradelines.pine,8.770040312499972,-16.977638807725192,0.2028345340744018,0.33829990940113325,1.4179918286207298,16,31.25,1.4757123399091037,
smart-trader-episode-03-candles-and-tradelines,editors_picks,QQQ,/Users/eddiebelaval/Development/openclaw-tradingview/backtests/editors_picks/smart-trader-episode-03-candles-and-tradelines.py,/Users/eddiebelaval/Development/openclaw-tradingview/pinescript/editors_picks/smart-trader-episode-03-candles-and-tradelines.pine,30.036865166446674,-12.9697390822051,0.9929050775917554,1.6198993838695008,3.4292752860217193,9,33.33333333333333,2.8398487273215967,
smooth-theil-sen,editors_picks,SPY,/Users/eddiebelaval/Development/openclaw-tradingview/backtests/editors_picks/smooth-theil-sen.py,/Users/eddiebelaval/Development/openclaw-tradingview/pinescript/editors_picks/smooth-theil-sen.pine,0.0,-0.0,nan,nan,nan,0,nan,nan,
smooth-theil-sen,editors_picks,BTC,/Users/eddiebelaval/Development/openclaw-tradingview/backtests/editors_picks/smooth-theil-sen.py,/Users/eddiebelaval/Development/openclaw-tradingview/pinescript/editors_picks/smooth-theil-sen.pine,0.0,-0.0,nan,nan,nan,0,nan,nan,
smooth-theil-sen,editors_picks,QQQ,/Users/eddiebelaval/Development/openclaw-tradingview/backtests/editors_picks/smooth-theil-sen.py,/Users/eddiebelaval/Development/openclaw-tradingview/pinescript/editors_picks/smooth-theil-sen.pine,0.0,-0.0,nan,nan,nan,0,nan,nan,
trend-line-methods-tlm,editors_picks,SPY,/Users/eddiebelaval/Development/openclaw-tradingview/backtests/editors_picks/trend-line-methods-tlm.py,/Users/eddiebelaval/Development/openclaw-tradingview/pinescript/editors_picks/trend-line-methods-tlm.pine,-24.328979266357855,-29.808213366592838,-1.093171191076343,-1.329232392364753,-0.8159160772822434,32,12.5,0.2779449288647398,
trend-line-methods-tlm,editors_picks,BTC,/Users/eddiebelaval/Development/openclaw-tradingview/backtests/editors_picks/trend-line-methods-tlm.py,/Users/eddiebelaval/Development/openclaw-tradingview/pinescript/editors_picks/trend-line-methods-tlm.pine,-26.672538984375016,-41.23069060223921,-0.738254269315303,-0.8154217685778052,-2.482655559613071,13,38.46153846153847,0.30039417087721343,
trend-line-methods-tlm,editors_picks,QQQ,/Users/eddiebelaval/Development/openclaw-tradingview/backtests/editors_picks/trend-line-methods-tlm.py,/Users/eddiebelaval/Development/openclaw-tradingview/pinescript/editors_picks/trend-line-methods-tlm.pine,-30.041909642314614,-35.78707694866997,-1.0950663593454315,-1.3096784714022862,-1.1946563401944106,31,19.35483870967742,0.3280907813301778,
vdubus-divergence-wave-pattern-generator-v1,editors_picks,SPY,/Users/eddiebelaval/Development/openclaw-tradingview/backtests/editors_picks/vdubus-divergence-wave-pattern-generator-v1.py,/Users/eddiebelaval/Development/openclaw-tradingview/pinescript/editors_picks/vdubus-divergence-wave-pattern-generator-v1.pine,0.0,-0.0,nan,nan,nan,0,nan,nan,
vdubus-divergence-wave-pattern-generator-v1,editors_picks,BTC,/Users/eddiebelaval/Development/openclaw-tradingview/backtests/editors_picks/vdubus-divergence-wave-pattern-generator-v1.py,/Users/eddiebelaval/Development/openclaw-tradingview/pinescript/editors_picks/vdubus-divergence-wave-pattern-generator-v1.pine,0.0,-0.0,nan,nan,nan,0,nan,nan,
vdubus-divergence-wave-pattern-generator-v1,editors_picks,QQQ,/Users/eddiebelaval/Development/openclaw-tradingview/backtests/editors_picks/vdubus-divergence-wave-pattern-generator-v1.py,/Users/eddiebelaval/Development/openclaw-tradingview/pinescript/editors_picks/vdubus-divergence-wave-pattern-generator-v1.pine,0.0,-0.0,nan,nan,nan,0,nan,nan,
volatility-risk-premium,editors_picks,SPY,/Users/eddiebelaval/Development/openclaw-tradingview/backtests/editors_picks/volatility-risk-premium.py,/Users/eddiebelaval/Development/openclaw-tradingview/pinescript/editors_picks/volatility-risk-premium.pine,,,,,,,,,"Indicators must return (optionally a tuple of) numpy.arrays of same length as `data` (data shape: (500,); indicator ""ema(_calc_rv_…,5)"" shape: , returned value: None)"
volatility-risk-premium,editors_picks,BTC,/Users/eddiebelaval/Development/openclaw-tradingview/backtests/editors_picks/volatility-risk-premium.py,/Users/eddiebelaval/Development/openclaw-tradingview/pinescript/editors_picks/volatility-risk-premium.pine,,,,,,,,,"Indicators must return (optionally a tuple of) numpy.arrays of same length as `data` (data shape: (731,); indicator ""ema(_calc_rv_…,5)"" shape: , returned value: None)"
volatility-risk-premium,editors_picks,QQQ,/Users/eddiebelaval/Development/openclaw-tradingview/backtests/editors_picks/volatility-risk-premium.py,/Users/eddiebelaval/Development/openclaw-tradingview/pinescript/editors_picks/volatility-risk-premium.pine,,,,,,,,,"Indicators must return (optionally a tuple of) numpy.arrays of same length as `data` (data shape: (500,); indicator ""ema(_calc_rv_…,5)"" shape: , returned value: None)"
volume-cluster-profile-vcp-zeiierman,editors_picks,SPY,/Users/eddiebelaval/Development/openclaw-tradingview/backtests/editors_picks/volume-cluster-profile-vcp-zeiierman.py,/Users/eddiebelaval/Development/openclaw-tradingview/pinescript/editors_picks/volume-cluster-profile-vcp-zeiierman.pine,,,,,,,,,"Indicator ""_get_pivo…(20)"" error. See traceback above."
volume-cluster-profile-vcp-zeiierman,editors_picks,BTC,/Users/eddiebelaval/Development/openclaw-tradingview/backtests/editors_picks/volume-cluster-profile-vcp-zeiierman.py,/Users/eddiebelaval/Development/openclaw-tradingview/pinescript/editors_picks/volume-cluster-profile-vcp-zeiierman.pine,,,,,,,,,"Indicator ""_get_pivo…(20)"" error. See traceback above."
volume-cluster-profile-vcp-zeiierman,editors_picks,QQQ,/Users/eddiebelaval/Development/openclaw-tradingview/backtests/editors_picks/volume-cluster-profile-vcp-zeiierman.py,/Users/eddiebelaval/Development/openclaw-tradingview/pinescript/editors_picks/volume-cluster-profile-vcp-zeiierman.pine,,,,,,,,,"Indicator ""_get_pivo…(20)"" error. See traceback above."
volume-gaps-imbalances-zeiierman,editors_picks,SPY,/Users/eddiebelaval/Development/openclaw-tradingview/backtests/editors_picks/volume-gaps-imbalances-zeiierman.py,/Users/eddiebelaval/Development/openclaw-tradingview/pinescript/editors_picks/volume-gaps-imbalances-zeiierman.pine,,,,,,,,,object of type 'TvStrategy' has no len()
volume-gaps-imbalances-zeiierman,editors_picks,BTC,/Users/eddiebelaval/Development/openclaw-tradingview/backtests/editors_picks/volume-gaps-imbalances-zeiierman.py,/Users/eddiebelaval/Development/openclaw-tradingview/pinescript/editors_picks/volume-gaps-imbalances-zeiierman.pine,,,,,,,,,object of type 'TvStrategy' has no len()
volume-gaps-imbalances-zeiierman,editors_picks,QQQ,/Users/eddiebelaval/Development/openclaw-tradingview/backtests/editors_picks/volume-gaps-imbalances-zeiierman.py,/Users/eddiebelaval/Development/openclaw-tradingview/pinescript/editors_picks/volume-gaps-imbalances-zeiierman.pine,,,,,,,,,object of type 'TvStrategy' has no len()
volume-surprise-luxalgo,editors_picks,SPY,/Users/eddiebelaval/Development/openclaw-tradingview/backtests/editors_picks/volume-surprise-luxalgo.py,/Users/eddiebelaval/Development/openclaw-tradingview/pinescript/editors_picks/volume-surprise-luxalgo.pine,,,,,,,,,"Indicator ""sma(1)"" error. See traceback above."
volume-surprise-luxalgo,editors_picks,BTC,/Users/eddiebelaval/Development/openclaw-tradingview/backtests/editors_picks/volume-surprise-luxalgo.py,/Users/eddiebelaval/Development/openclaw-tradingview/pinescript/editors_picks/volume-surprise-luxalgo.pine,,,,,,,,,"Indicator ""sma(1)"" error. See traceback above."
volume-surprise-luxalgo,editors_picks,QQQ,/Users/eddiebelaval/Development/openclaw-tradingview/backtests/editors_picks/volume-surprise-luxalgo.py,/Users/eddiebelaval/Development/openclaw-tradingview/pinescript/editors_picks/volume-surprise-luxalgo.pine,,,,,,,,,"Indicator ""sma(1)"" error. See traceback above."
wyckoff-schematic-by-kingshuk-ghosh,editors_picks,SPY,/Users/eddiebelaval/Development/openclaw-tradingview/backtests/editors_picks/wyckoff-schematic-by-kingshuk-ghosh.py,/Users/eddiebelaval/Development/openclaw-tradingview/pinescript/editors_picks/wyckoff-schematic-by-kingshuk-ghosh.pine,,,,,,,,,object of type 'TvStrategy' has no len()
wyckoff-schematic-by-kingshuk-ghosh,editors_picks,BTC,/Users/eddiebelaval/Development/openclaw-tradingview/backtests/editors_picks/wyckoff-schematic-by-kingshuk-ghosh.py,/Users/eddiebelaval/Development/openclaw-tradingview/pinescript/editors_picks/wyckoff-schematic-by-kingshuk-ghosh.pine,,,,,,,,,object of type 'TvStrategy' has no len()
wyckoff-schematic-by-kingshuk-ghosh,editors_picks,QQQ,/Users/eddiebelaval/Development/openclaw-tradingview/backtests/editors_picks/wyckoff-schematic-by-kingshuk-ghosh.py,/Users/eddiebelaval/Development/openclaw-tradingview/pinescript/editors_picks/wyckoff-schematic-by-kingshuk-ghosh.pine,,,,,,,,,object of type 'TvStrategy' has no len()
assistant,popular,SPY,/Users/eddiebelaval/Development/openclaw-tradingview/backtests/popular/assistant.py,/Users/eddiebelaval/Development/openclaw-tradingview/pinescript/popular/assistant.pine,-9.526819228706707,-19.497044639746175,-0.3581661241178897,-0.4766684626456532,-0.08990316700547396,96,55.208333333333336,0.8350296055783052,
assistant,popular,BTC,/Users/eddiebelaval/Development/openclaw-tradingview/backtests/popular/assistant.py,/Users/eddiebelaval/Development/openclaw-tradingview/pinescript/popular/assistant.pine,-16.900757531249937,-41.911367381139655,-0.34690202133447606,-0.4619120390671967,0.057353638111720014,134,51.49253731343284,1.0419789811292763,
assistant,popular,QQQ,/Users/eddiebelaval/Development/openclaw-tradingview/backtests/popular/assistant.py,/Users/eddiebelaval/Development/openclaw-tradingview/pinescript/popular/assistant.pine,-3.4632498689042843,-19.606494593725156,-0.10430854853043503,-0.14633372571405184,-0.016576413240329425,96,52.083333333333336,0.9754454423555851,
bosstvs-tikole-sir-all-in-one-ultimate-new-strong-buy-sell,popular,SPY,/Users/eddiebelaval/Development/openclaw-tradingview/backtests/popular/bosstvs-tikole-sir-all-in-one-ultimate-new-strong-buy-sell.py,/Users/eddiebelaval/Development/openclaw-tradingview/pinescript/popular/bosstvs-tikole-sir-all-in-one-ultimate-new-strong-buy-sell.pine,,,,,,,,,'_Indicator' object has no attribute 'iloc'
bosstvs-tikole-sir-all-in-one-ultimate-new-strong-buy-sell,popular,BTC,/Users/eddiebelaval/Development/openclaw-tradingview/backtests/popular/bosstvs-tikole-sir-all-in-one-ultimate-new-strong-buy-sell.py,/Users/eddiebelaval/Development/openclaw-tradingview/pinescript/popular/bosstvs-tikole-sir-all-in-one-ultimate-new-strong-buy-sell.pine,,,,,,,,,'_Indicator' object has no attribute 'iloc'
bosstvs-tikole-sir-all-in-one-ultimate-new-strong-buy-sell,popular,QQQ,/Users/eddiebelaval/Development/openclaw-tradingview/backtests/popular/bosstvs-tikole-sir-all-in-one-ultimate-new-strong-buy-sell.py,/Users/eddiebelaval/Development/openclaw-tradingview/pinescript/popular/bosstvs-tikole-sir-all-in-one-ultimate-new-strong-buy-sell.pine,,,,,,,,,'_Indicator' object has no attribute 'iloc'
chaos-weighted-rsi-luxalgo,popular,SPY,/Users/eddiebelaval/Development/openclaw-tradingview/backtests/popular/chaos-weighted-rsi-luxalgo.py,/Users/eddiebelaval/Development/openclaw-tradingview/pinescript/popular/chaos-weighted-rsi-luxalgo.pine,0.0,-0.0,nan,nan,nan,0,nan,nan,
chaos-weighted-rsi-luxalgo,popular,BTC,/Users/eddiebelaval/Development/openclaw-tradingview/backtests/popular/chaos-weighted-rsi-luxalgo.py,/Users/eddiebelaval/Development/openclaw-tradingview/pinescript/popular/chaos-weighted-rsi-luxalgo.pine,0.0,-0.0,nan,nan,nan,0,nan,nan,
chaos-weighted-rsi-luxalgo,popular,QQQ,/Users/eddiebelaval/Development/openclaw-tradingview/backtests/popular/chaos-weighted-rsi-luxalgo.py,/Users/eddiebelaval/Development/openclaw-tradingview/pinescript/popular/chaos-weighted-rsi-luxalgo.pine,0.0,-0.0,nan,nan,nan,0,nan,nan,
colidation-breakout-structureha-cbs,popular,SPY,/Users/eddiebelaval/Development/openclaw-tradingview/backtests/popular/colidation-breakout-structureha-cbs.py,/Users/eddiebelaval/Development/openclaw-tradingview/pinescript/popular/colidation-breakout-structureha-cbs.pine,0.0,-0.0,nan,nan,nan,0,nan,nan,
colidation-breakout-structureha-cbs,popular,BTC,/Users/eddiebelaval/Development/openclaw-tradingview/backtests/popular/colidation-breakout-structureha-cbs.py,/Users/eddiebelaval/Development/openclaw-tradingview/pinescript/popular/colidation-breakout-structureha-cbs.pine,0.0,-0.0,nan,nan,nan,0,nan,nan,
colidation-breakout-structureha-cbs,popular,QQQ,/Users/eddiebelaval/Development/openclaw-tradingview/backtests/popular/colidation-breakout-structureha-cbs.py,/Users/eddiebelaval/Development/openclaw-tradingview/pinescript/popular/colidation-breakout-structureha-cbs.pine,0.0,-0.0,nan,nan,nan,0,nan,nan,
ct-displacement-fvg-toolkit,popular,SPY,/Users/eddiebelaval/Development/openclaw-tradingview/backtests/popular/ct-displacement-fvg-toolkit.py,/Users/eddiebelaval/Development/openclaw-tradingview/pinescript/popular/ct-displacement-fvg-toolkit.pine,,,,,,,,,module 'pandas_ta' has no attribute 'highest'
ct-displacement-fvg-toolkit,popular,BTC,/Users/eddiebelaval/Development/openclaw-tradingview/backtests/popular/ct-displacement-fvg-toolkit.py,/Users/eddiebelaval/Development/openclaw-tradingview/pinescript/popular/ct-displacement-fvg-toolkit.pine,,,,,,,,,module 'pandas_ta' has no attribute 'highest'
ct-displacement-fvg-toolkit,popular,QQQ,/Users/eddiebelaval/Development/openclaw-tradingview/backtests/popular/ct-displacement-fvg-toolkit.py,/Users/eddiebelaval/Development/openclaw-tradingview/pinescript/popular/ct-displacement-fvg-toolkit.pine,,,,,,,,,module 'pandas_ta' has no attribute 'highest'
decycler-momentum-regime-filter-charonquant,popular,SPY,/Users/eddiebelaval/Development/openclaw-tradingview/backtests/popular/decycler-momentum-regime-filter-charonquant.py,/Users/eddiebelaval/Development/openclaw-tradingview/pinescript/popular/decycler-momentum-regime-filter-charonquant.pine,,,,,,,,,"Indicators must return (optionally a tuple of) numpy.arrays of same length as `data` (data shape: (500,); indicator ""ema(roc(1),23)"" shape: , returned value: None)"
decycler-momentum-regime-filter-charonquant,popular,BTC,/Users/eddiebelaval/Development/openclaw-tradingview/backtests/popular/decycler-momentum-regime-filter-charonquant.py,/Users/eddiebelaval/Development/openclaw-tradingview/pinescript/popular/decycler-momentum-regime-filter-charonquant.pine,,,,,,,,,"Indicators must return (optionally a tuple of) numpy.arrays of same length as `data` (data shape: (731,); indicator ""ema(roc(1),23)"" shape: , returned value: None)"
decycler-momentum-regime-filter-charonquant,popular,QQQ,/Users/eddiebelaval/Development/openclaw-tradingview/backtests/popular/decycler-momentum-regime-filter-charonquant.py,/Users/eddiebelaval/Development/openclaw-tradingview/pinescript/popular/decycler-momentum-regime-filter-charonquant.pine,,,,,,,,,"Indicators must return (optionally a tuple of) numpy.arrays of same length as `data` (data shape: (500,); indicator ""ema(roc(1),23)"" shape: , returned value: None)"
dynamic-extreme-channels-reversals-luxalgo,popular,SPY,/Users/eddiebelaval/Development/openclaw-tradingview/backtests/popular/dynamic-extreme-channels-reversals-luxalgo.py,/Users/eddiebelaval/Development/openclaw-tradingview/pinescript/popular/dynamic-extreme-channels-reversals-luxalgo.pine,29.79741247529324,-7.538272945363634,1.239007308708222,2.0233306699699334,3.116738367248397,9,55.55555555555556,5.945161823835642,
dynamic-extreme-channels-reversals-luxalgo,popular,BTC,/Users/eddiebelaval/Development/openclaw-tradingview/backtests/popular/dynamic-extreme-channels-reversals-luxalgo.py,/Users/eddiebelaval/Development/openclaw-tradingview/pinescript/popular/dynamic-extreme-channels-reversals-luxalgo.pine,33.62846642578131,-23.83373013111464,0.5520048068364947,1.016459522923341,2.3791046119464885,19,47.368421052631575,1.6594586725820517,
dynamic-extreme-channels-reversals-luxalgo,popular,QQQ,/Users/eddiebelaval/Development/openclaw-tradingview/backtests/popular/dynamic-extreme-channels-reversals-luxalgo.py,/Users/eddiebelaval/Development/openclaw-tradingview/pinescript/popular/dynamic-extreme-channels-reversals-luxalgo.pine,34.21146080403842,-13.075383936286034,0.994156087392433,1.6064109345084143,4.07787404826405,8,62.5,4.3507699098235095,
gcm-volume-price-essence,popular,SPY,/Users/eddiebelaval/Development/openclaw-tradingview/backtests/popular/gcm-volume-price-essence.py,/Users/eddiebelaval/Development/openclaw-tradingview/pinescript/popular/gcm-volume-price-essence.pine,,,,,,,,,"Indicators must return (optionally a tuple of) numpy.arrays of same length as `data` (data shape: (500,); indicator ""ema(λ(λ,sma(3…,8)"" shape: , returned value: None)"
gcm-volume-price-essence,popular,BTC,/Users/eddiebelaval/Development/openclaw-tradingview/backtests/popular/gcm-volume-price-essence.py,/Users/eddiebelaval/Development/openclaw-tradingview/pinescript/popular/gcm-volume-price-essence.pine,,,,,,,,,"Indicators must return (optionally a tuple of) numpy.arrays of same length as `data` (data shape: (731,); indicator ""ema(λ(λ,sma(3…,8)"" shape: , returned value: None)"
gcm-volume-price-essence,popular,QQQ,/Users/eddiebelaval/Development/openclaw-tradingview/backtests/popular/gcm-volume-price-essence.py,/Users/eddiebelaval/Development/openclaw-tradingview/pinescript/popular/gcm-volume-price-essence.pine,,,,,,,,,"Indicators must return (optionally a tuple of) numpy.arrays of same length as `data` (data shape: (500,); indicator ""ema(λ(λ,sma(3…,8)"" shape: , returned value: None)"
gk-trend-ribbon-swing-prepare-hud,popular,SPY,/Users/eddiebelaval/Development/openclaw-tradingview/backtests/popular/gk-trend-ribbon-swing-prepare-hud.py,/Users/eddiebelaval/Development/openclaw-tradingview/pinescript/popular/gk-trend-ribbon-swing-prepare-hud.pine,10.335485768630315,-5.0638677539285855,0.7976224043809039,1.1762509457157055,12.529040363705082,1,100.0,nan,
gk-trend-ribbon-swing-prepare-hud,popular,BTC,/Users/eddiebelaval/Development/openclaw-tradingview/backtests/popular/gk-trend-ribbon-swing-prepare-hud.py,/Users/eddiebelaval/Development/openclaw-tradingview/pinescript/popular/gk-trend-ribbon-swing-prepare-hud.pine,54.84556399218749,-32.76492990015569,0.6893879522443789,1.3668700808987797,13.752303686116196,2,50.0,2.595327098911531,
gk-trend-ribbon-swing-prepare-hud,popular,QQQ,/Users/eddiebelaval/Development/openclaw-tradingview/backtests/popular/gk-trend-ribbon-swing-prepare-hud.py,/Users/eddiebelaval/Development/openclaw-tradingview/pinescript/popular/gk-trend-ribbon-swing-prepare-hud.pine,10.613814573091236,-7.876731786259706,0.5711332044908116,0.8250077517787533,13.399822837768369,1,100.0,nan,
gold-breakout-trader,popular,SPY,/Users/eddiebelaval/Development/openclaw-tradingview/backtests/popular/gold-breakout-trader.py,/Users/eddiebelaval/Development/openclaw-tradingview/pinescript/popular/gold-breakout-trader.pine,0.0,-0.0,nan,nan,nan,0,nan,nan,
gold-breakout-trader,popular,BTC,/Users/eddiebelaval/Development/openclaw-tradingview/backtests/popular/gold-breakout-trader.py,/Users/eddiebelaval/Development/openclaw-tradingview/pinescript/popular/gold-breakout-trader.pine,0.0,-0.0,nan,nan,nan,0,nan,nan,
gold-breakout-trader,popular,QQQ,/Users/eddiebelaval/Development/openclaw-tradingview/backtests/popular/gold-breakout-trader.py,/Users/eddiebelaval/Development/openclaw-tradingview/pinescript/popular/gold-breakout-trader.pine,0.0,-0.0,nan,nan,nan,0,nan,nan,
internal-vs-external-liquidity-zones-alpha-extract,popular,SPY,/Users/eddiebelaval/Development/openclaw-tradingview/backtests/popular/internal-vs-external-liquidity-zones-alpha-extract.py,/Users/eddiebelaval/Development/openclaw-tradingview/pinescript/popular/internal-vs-external-liquidity-zones-alpha-extract.pine,6.731517830912082,-6.04149376443125,0.5754022807218014,1.02110032565829,0.2651881549213899,26,53.84615384615385,1.5986653370497719,
internal-vs-external-liquidity-zones-alpha-extract,popular,BTC,/Users/eddiebelaval/Development/openclaw-tradingview/backtests/popular/internal-vs-external-liquidity-zones-alpha-extract.py,/Users/eddiebelaval/Development/openclaw-tradingview/pinescript/popular/internal-vs-external-liquidity-zones-alpha-extract.pine,3.6374430195312453,-8.308546262202876,0.16150504101229624,0.2718886146867983,0.37523480124383063,8,37.5,1.2172375370574997,
internal-vs-external-liquidity-zones-alpha-extract,popular,QQQ,/Users/eddiebelaval/Development/openclaw-tradingview/backtests/popular/internal-vs-external-liquidity-zones-alpha-extract.py,/Users/eddiebelaval/Development/openclaw-tradingview/pinescript/popular/internal-vs-external-liquidity-zones-alpha-extract.pine,9.159701000288798,-5.036936876780052,0.5738130362342937,0.8808603941350873,0.4566907493923929,20,55.00000000000001,1.9211213917073442,
jinzo-prior-monthweek-current-month-highlowpoc,popular,SPY,/Users/eddiebelaval/Development/openclaw-tradingview/backtests/popular/jinzo-prior-monthweek-current-month-highlowpoc.py,/Users/eddiebelaval/Development/openclaw-tradingview/pinescript/popular/jinzo-prior-monthweek-current-month-highlowpoc.pine,0.0,-0.0,nan,nan,nan,0,nan,nan,
jinzo-prior-monthweek-current-month-highlowpoc,popular,BTC,/Users/eddiebelaval/Development/openclaw-tradingview/backtests/popular/jinzo-prior-monthweek-current-month-highlowpoc.py,/Users/eddiebelaval/Development/openclaw-tradingview/pinescript/popular/jinzo-prior-monthweek-current-month-highlowpoc.pine,0.0,-0.0,nan,nan,nan,0,nan,nan,
jinzo-prior-monthweek-current-month-highlowpoc,popular,QQQ,/Users/eddiebelaval/Development/openclaw-tradingview/backtests/popular/jinzo-prior-monthweek-current-month-highlowpoc.py,/Users/eddiebelaval/Development/openclaw-tradingview/pinescript/popular/jinzo-prior-monthweek-current-month-highlowpoc.pine,0.0,-0.0,nan,nan,nan,0,nan,nan,
lfwd-watermark-checklist,popular,SPY,/Users/eddiebelaval/Development/openclaw-tradingview/backtests/popular/lfwd-watermark-checklist.py,/Users/eddiebelaval/Development/openclaw-tradingview/pinescript/popular/lfwd-watermark-checklist.pine,4.629668116547764,-21.509222716731003,0.20350162524738355,0.2600716952471706,0.7564634199923974,10,50.0,1.3429783555560708,
lfwd-watermark-checklist,popular,BTC,/Users/eddiebelaval/Development/openclaw-tradingview/backtests/popular/lfwd-watermark-checklist.py,/Users/eddiebelaval/Development/openclaw-tradingview/pinescript/popular/lfwd-watermark-checklist.pine,7.3274923007812465,-29.944052531872188,0.15493077738280767,0.24441731166470318,1.4639964707940494,18,27.77777777777778,1.4375933132690073,
lfwd-watermark-checklist,popular,QQQ,/Users/eddiebelaval/Development/openclaw-tradingview/backtests/popular/lfwd-watermark-checklist.py,/Users/eddiebelaval/Development/openclaw-tradingview/pinescript/popular/lfwd-watermark-checklist.pine,12.052515119702498,-17.07531372782396,0.4216718873760321,0.5965515802762605,1.135614965101687,12,50.0,1.7826675058107275,
liquidity-depth-indicator-bigbeluga,popular,SPY,/Users/eddiebelaval/Development/openclaw-tradingview/backtests/popular/liquidity-depth-indicator-bigbeluga.py,/Users/eddiebelaval/Development/openclaw-tradingview/pinescript/popular/liquidity-depth-indicator-bigbeluga.pine,,,,,,,,,"Indicators must return (optionally a tuple of) numpy.arrays of same length as `data` (data shape: (500,); indicator ""_calculat…"" shape: (), returned value: -0.4203509970648224)"
liquidity-depth-indicator-bigbeluga,popular,BTC,/Users/eddiebelaval/Development/openclaw-tradingview/backtests/popular/liquidity-depth-indicator-bigbeluga.py,/Users/eddiebelaval/Development/openclaw-tradingview/pinescript/popular/liquidity-depth-indicator-bigbeluga.pine,,,,,,,,,"Indicators must return (optionally a tuple of) numpy.arrays of same length as `data` (data shape: (731,); indicator ""_calculat…"" shape: (), returned value: -0.505778727566367)"
liquidity-depth-indicator-bigbeluga,popular,QQQ,/Users/eddiebelaval/Development/openclaw-tradingview/backtests/popular/liquidity-depth-indicator-bigbeluga.py,/Users/eddiebelaval/Development/openclaw-tradingview/pinescript/popular/liquidity-depth-indicator-bigbeluga.pine,,,,,,,,,"Indicators must return (optionally a tuple of) numpy.arrays of same length as `data` (data shape: (500,); indicator ""_calculat…"" shape: (), returned value: -0.4124811186585252)"
malaysian-snr-kaidon,popular,SPY,/Users/eddiebelaval/Development/openclaw-tradingview/backtests/popular/malaysian-snr-kaidon.py,/Users/eddiebelaval/Development/openclaw-tradingview/pinescript/popular/malaysian-snr-kaidon.pine,0.0,-0.0,nan,nan,nan,0,nan,nan,
malaysian-snr-kaidon,popular,BTC,/Users/eddiebelaval/Development/openclaw-tradingview/backtests/popular/malaysian-snr-kaidon.py,/Users/eddiebelaval/Development/openclaw-tradingview/pinescript/popular/malaysian-snr-kaidon.pine,0.0,-0.0,nan,nan,nan,0,nan,nan,
malaysian-snr-kaidon,popular,QQQ,/Users/eddiebelaval/Development/openclaw-tradingview/backtests/popular/malaysian-snr-kaidon.py,/Users/eddiebelaval/Development/openclaw-tradingview/pinescript/popular/malaysian-snr-kaidon.pine,0.0,-0.0,nan,nan,nan,0,nan,nan,
market-structure-dashboard-flux-charts,popular,SPY,/Users/eddiebelaval/Development/openclaw-tradingview/backtests/popular/market-structure-dashboard-flux-charts.py,/Users/eddiebelaval/Development/openclaw-tradingview/pinescript/popular/market-structure-dashboard-flux-charts.pine,,,,,,,,,"Indicators must return (optionally a tuple of) numpy.arrays of same length as `data` (data shape: (500,); indicator ""sma(atr(14),20)"" shape: , returned value: None)"
market-structure-dashboard-flux-charts,popular,BTC,/Users/eddiebelaval/Development/openclaw-tradingview/backtests/popular/market-structure-dashboard-flux-charts.py,/Users/eddiebelaval/Development/openclaw-tradingview/pinescript/popular/market-structure-dashboard-flux-charts.pine,,,,,,,,,"Indicators must return (optionally a tuple of) numpy.arrays of same length as `data` (data shape: (731,); indicator ""sma(atr(14),20)"" shape: , returned value: None)"
market-structure-dashboard-flux-charts,popular,QQQ,/Users/eddiebelaval/Development/openclaw-tradingview/backtests/popular/market-structure-dashboard-flux-charts.py,/Users/eddiebelaval/Development/openclaw-tradingview/pinescript/popular/market-structure-dashboard-flux-charts.pine,,,,,,,,,"Indicators must return (optionally a tuple of) numpy.arrays of same length as `data` (data shape: (500,); indicator ""sma(atr(14),20)"" shape: , returned value: None)"
strategy-pack-by-cryptokazancev,popular,SPY,/Users/eddiebelaval/Development/openclaw-tradingview/backtests/popular/strategy-pack-by-cryptokazancev.py,/Users/eddiebelaval/Development/openclaw-tradingview/pinescript/popular/strategy-pack-by-cryptokazancev.pine,0.0,-0.0,nan,nan,nan,0,nan,nan,
strategy-pack-by-cryptokazancev,popular,BTC,/Users/eddiebelaval/Development/openclaw-tradingview/backtests/popular/strategy-pack-by-cryptokazancev.py,/Users/eddiebelaval/Development/openclaw-tradingview/pinescript/popular/strategy-pack-by-cryptokazancev.pine,-20.772808023437477,-28.75916352284301,-0.7817610933281444,-0.892570101529544,-2.6326763189188522,9,33.33333333333333,0.19292986012057237,
strategy-pack-by-cryptokazancev,popular,QQQ,/Users/eddiebelaval/Development/openclaw-tradingview/backtests/popular/strategy-pack-by-cryptokazancev.py,/Users/eddiebelaval/Development/openclaw-tradingview/pinescript/popular/strategy-pack-by-cryptokazancev.pine,0.0,-0.0,nan,nan,nan,0,nan,nan,
swing-highlow-wick-zones-support-resistance-indicator,popular,SPY,/Users/eddiebelaval/Development/openclaw-tradingview/backtests/popular/swing-highlow-wick-zones-support-resistance-indicator.py,/Users/eddiebelaval/Development/openclaw-tradingview/pinescript/popular/swing-highlow-wick-zones-support-resistance-indicator.pine,87.46903421242445,-6.320508907610456,2.1280658421607663,5.220782527434031,2.9489015178315934,22,86.36363636363636,25.231078045809017,
swing-highlow-wick-zones-support-resistance-indicator,popular,BTC,/Users/eddiebelaval/Development/openclaw-tradingview/backtests/popular/swing-highlow-wick-zones-support-resistance-indicator.py,/Users/eddiebelaval/Development/openclaw-tradingview/pinescript/popular/swing-highlow-wick-zones-support-resistance-indicator.pine,851.053800027344,-6.631062318395841,2.3706058593151806,17.52255979595156,7.409677738107775,37,94.5945945945946,44.3175009343401,
swing-highlow-wick-zones-support-resistance-indicator,popular,QQQ,/Users/eddiebelaval/Development/openclaw-tradingview/backtests/popular/swing-highlow-wick-zones-support-resistance-indicator.py,/Users/eddiebelaval/Development/openclaw-tradingview/pinescript/popular/swing-highlow-wick-zones-support-resistance-indicator.pine,191.90530932707398,-7.055070577691724,2.6931981694246914,9.104154851468834,4.858064869015738,23,100.0,nan,
target-radar,popular,SPY,/Users/eddiebelaval/Development/openclaw-tradingview/backtests/popular/target-radar.py,/Users/eddiebelaval/Development/openclaw-tradingview/pinescript/popular/target-radar.pine,,,,,,,,,'_Indicator' object has no attribute 'iloc'
target-radar,popular,BTC,/Users/eddiebelaval/Development/openclaw-tradingview/backtests/popular/target-radar.py,/Users/eddiebelaval/Development/openclaw-tradingview/pinescript/popular/target-radar.pine,,,,,,,,,'_Indicator' object has no attribute 'iloc'
target-radar,popular,QQQ,/Users/eddiebelaval/Development/openclaw-tradingview/backtests/popular/target-radar.py,/Users/eddiebelaval/Development/openclaw-tradingview/pinescript/popular/target-radar.pine,,,,,,,,,'_Indicator' object has no attribute 'iloc'
volumetric-supply-and-demand-zones-boswaves,popular,SPY,/Users/eddiebelaval/Development/openclaw-tradingview/backtests/popular/volumetric-supply-and-demand-zones-boswaves.py,/Users/eddiebelaval/Development/openclaw-tradingview/pinescript/popular/volumetric-supply-and-demand-zones-boswaves.pine,,,,,,,,,object of type 'TvStrategy' has no len()
volumetric-supply-and-demand-zones-boswaves,popular,BTC,/Users/eddiebelaval/Development/openclaw-tradingview/backtests/popular/volumetric-supply-and-demand-zones-boswaves.py,/Users/eddiebelaval/Development/openclaw-tradingview/pinescript/popular/volumetric-supply-and-demand-zones-boswaves.pine,,,,,,,,,object of type 'TvStrategy' has no len()
volumetric-supply-and-demand-zones-boswaves,popular,QQQ,/Users/eddiebelaval/Development/openclaw-tradingview/backtests/popular/volumetric-supply-and-demand-zones-boswaves.py,/Users/eddiebelaval/Development/openclaw-tradingview/pinescript/popular/volumetric-supply-and-demand-zones-boswaves.pine,,,,,,,,,object of type 'TvStrategy' has no len()
xauusd-breakout-sl-points-15-minute-strategy-by-nitin-soni,popular,SPY,/Users/eddiebelaval/Development/openclaw-tradingview/backtests/popular/xauusd-breakout-sl-points-15-minute-strategy-by-nitin-soni.py,/Users/eddiebelaval/Development/openclaw-tradingview/pinescript/popular/xauusd-breakout-sl-points-15-minute-strategy-by-nitin-soni.pine,0.0,-0.0,nan,nan,nan,0,nan,nan,
xauusd-breakout-sl-points-15-minute-strategy-by-nitin-soni,popular,BTC,/Users/eddiebelaval/Development/openclaw-tradingview/backtests/popular/xauusd-breakout-sl-points-15-minute-strategy-by-nitin-soni.py,/Users/eddiebelaval/Development/openclaw-tradingview/pinescript/popular/xauusd-breakout-sl-points-15-minute-strategy-by-nitin-soni.pine,0.0,-0.0,nan,nan,nan,0,nan,nan,
xauusd-breakout-sl-points-15-minute-strategy-by-nitin-soni,popular,QQQ,/Users/eddiebelaval/Development/openclaw-tradingview/backtests/popular/xauusd-breakout-sl-points-15-minute-strategy-by-nitin-soni.py,/Users/eddiebelaval/Development/openclaw-tradingview/pinescript/popular/xauusd-breakout-sl-points-15-minute-strategy-by-nitin-soni.pine,0.0,-0.0,nan,nan,nan,0,nan,nan,
